action_id,timestamp,action,command,job_id,status,exit_code,confirmation,notes
ACT-20260525_084850-001,2026-05-25T08:48:50,check-gates,I:\py\pybenti_1\python.exe scripts/check_gates.py,JOB-20260525_084850-001,started,,,dashboard check action
ACT-END-JOB-20260525_084850-001,2026-05-25T08:48:51,check-gates,I:\py\pybenti_1\python.exe scripts/check_gates.py,JOB-20260525_084850-001,passed,0,,dashboard check action
ACT-20260528_145643-001,2026-05-28T14:56:43,check-gates,E:\python\python_benti\python.exe scripts/check_gates.py,JOB-20260528_145643-001,started,,,dashboard check action
ACT-END-JOB-20260528_145643-001,2026-05-28T14:56:43,check-gates,E:\python\python_benti\python.exe scripts/check_gates.py,JOB-20260528_145643-001,passed,0,,dashboard check action
ACT-20260528_145649-002,2026-05-28T14:56:49,check-skill-router,E:\python\python_benti\python.exe scripts/check_skill_router.py --validate-policy,JOB-20260528_145649-002,started,,,dashboard check action
ACT-END-JOB-20260528_145649-002,2026-05-28T14:56:49,check-skill-router,E:\python\python_benti\python.exe scripts/check_skill_router.py --validate-policy,JOB-20260528_145649-002,passed,0,,dashboard check action
ACT-20260528_212143-001,2026-05-28T21:21:43,benchmark-TRAIN-20260528_150756,E:\python\python_benti\python.exe scripts/benchmark_agent_run.py --run-id TRAIN-20260528_150756,JOB-20260528_212143-001,started,,,benchmark run_id=TRAIN-20260528_150756
ACT-END-JOB-20260528_212143-001,2026-05-28T21:21:43,benchmark-TRAIN-20260528_150756,E:\python\python_benti\python.exe scripts/benchmark_agent_run.py --run-id TRAIN-20260528_150756,JOB-20260528_212143-001,passed,0,,benchmark run_id=TRAIN-20260528_150756
ACT-20260528_212146-002,2026-05-28T21:21:46,validate-TRAIN-20260528_150756,E:\python\python_benti\python.exe scripts/validate_agent_run.py --run-id TRAIN-20260528_150756,JOB-20260528_212146-002,started,,,validate run_id=TRAIN-20260528_150756
ACT-END-JOB-20260528_212146-002,2026-05-28T21:21:47,validate-TRAIN-20260528_150756,E:\python\python_benti\python.exe scripts/validate_agent_run.py --run-id TRAIN-20260528_150756,JOB-20260528_212146-002,passed,0,,validate run_id=TRAIN-20260528_150756
ACT-20260528_212147-003,2026-05-28T21:21:47,benchmark-TRAIN-20260528_150756,E:\python\python_benti\python.exe scripts/benchmark_agent_run.py --run-id TRAIN-20260528_150756,JOB-20260528_212147-003,started,,,benchmark run_id=TRAIN-20260528_150756
ACT-END-JOB-20260528_212147-003,2026-05-28T21:21:47,benchmark-TRAIN-20260528_150756,E:\python\python_benti\python.exe scripts/benchmark_agent_run.py --run-id TRAIN-20260528_150756,JOB-20260528_212147-003,passed,0,,benchmark run_id=TRAIN-20260528_150756
ACT-20260528_212149-004,2026-05-28T21:21:49,sandbox-training_sandbox,E:\python\python_benti\python.exe scripts/run_agent_mode.py --mode training_sandbox --max-iterations 4 --problem 00_problem/problem_statement.md,JOB-20260528_212149-004,started,,,"mode=training_sandbox, max_iterations=4, dry_run=False"
ACT-END-JOB-20260528_212149-004,2026-05-28T21:22:01,sandbox-training_sandbox,E:\python\python_benti\python.exe scripts/run_agent_mode.py --mode training_sandbox --max-iterations 4 --problem 00_problem/problem_statement.md,JOB-20260528_212149-004,passed,0,,"mode=training_sandbox, max_iterations=4, dry_run=False"
ACT-20260528_212202-005,2026-05-28T21:22:02,sandbox-training_sandbox,E:\python\python_benti\python.exe scripts/run_agent_mode.py --mode training_sandbox --max-iterations 4 --problem 00_problem/problem_statement.md,JOB-20260528_212202-005,started,,,"mode=training_sandbox, max_iterations=4, dry_run=False"
ACT-END-JOB-20260528_212202-005,2026-05-28T21:22:12,sandbox-training_sandbox,E:\python\python_benti\python.exe scripts/run_agent_mode.py --mode training_sandbox --max-iterations 4 --problem 00_problem/problem_statement.md,JOB-20260528_212202-005,passed,0,,"mode=training_sandbox, max_iterations=4, dry_run=False"
ACT-20260528_222036-006,2026-05-28T22:20:36,sandbox-formal_assist,E:\python\python_benti\python.exe scripts/run_agent_mode.py --mode formal_assist --max-iterations 1 --problem 00_problem/problem_statement.md --dry-run,JOB-20260528_222036-006,started,,,"mode=formal_assist, max_iterations=1, dry_run=True"
ACT-END-JOB-20260528_222036-006,2026-05-28T22:20:36,sandbox-formal_assist,E:\python\python_benti\python.exe scripts/run_agent_mode.py --mode formal_assist --max-iterations 1 --problem 00_problem/problem_statement.md --dry-run,JOB-20260528_222036-006,passed,0,,"mode=formal_assist, max_iterations=1, dry_run=True"
ACT-20260528_222054-007,2026-05-28T22:20:54,sandbox-formal_assist,E:\python\python_benti\python.exe scripts/run_agent_mode.py --mode formal_assist --max-iterations 1 --problem 00_problem/problem_statement.md --dry-run,JOB-20260528_222054-007,started,,,"mode=formal_assist, max_iterations=1, dry_run=True"
ACT-END-JOB-20260528_222054-007,2026-05-28T22:20:54,sandbox-formal_assist,E:\python\python_benti\python.exe scripts/run_agent_mode.py --mode formal_assist --max-iterations 1 --problem 00_problem/problem_statement.md --dry-run,JOB-20260528_222054-007,passed,0,,"mode=formal_assist, max_iterations=1, dry_run=True"
ACT-20260602_123552-001,2026-06-02T12:35:52,benchmark-TRAIN-20260602_112822,E:\python\python_benti\python.exe scripts/benchmark_agent_run.py --run-id TRAIN-20260602_112822,JOB-20260602_123552-001,started,,,benchmark run_id=TRAIN-20260602_112822
ACT-END-JOB-20260602_123552-001,2026-06-02T12:35:52,benchmark-TRAIN-20260602_112822,E:\python\python_benti\python.exe scripts/benchmark_agent_run.py --run-id TRAIN-20260602_112822,JOB-20260602_123552-001,passed,0,,benchmark run_id=TRAIN-20260602_112822
ACT-20260602_123559-002,2026-06-02T12:35:59,sandbox-training_sandbox,E:\python\python_benti\python.exe scripts/run_agent_mode.py --mode training_sandbox --max-iterations 5 --problem 00_problem/problem_statement.md,JOB-20260602_123559-002,started,,,"mode=training_sandbox, max_iterations=5, dry_run=False"
ACT-END-JOB-20260602_123559-002,2026-06-02T12:36:44,sandbox-training_sandbox,E:\python\python_benti\python.exe scripts/run_agent_mode.py --mode training_sandbox --max-iterations 5 --problem 00_problem/problem_statement.md,JOB-20260602_123559-002,passed,0,,"mode=training_sandbox, max_iterations=5, dry_run=False"
ACT-20260717_230124-001,2026-07-17T23:01:24,run-current,E:\python\python_benti\python.exe scripts/run_current_stage.py,JOB-20260717_230124-001,started,,intake,stage=intake
ACT-END-JOB-20260717_230124-001,2026-07-17T23:01:24,run-current,E:\python\python_benti\python.exe scripts/run_current_stage.py,JOB-20260717_230124-001,passed,0,intake,stage=intake
ACT-20260717_230137-002,2026-07-17T23:01:37,run-current,E:\python\python_benti\python.exe scripts/run_current_stage.py,JOB-20260717_230137-002,started,,eda,stage=eda
ACT-END-JOB-20260717_230137-002,2026-07-17T23:01:37,run-current,E:\python\python_benti\python.exe scripts/run_current_stage.py,JOB-20260717_230137-002,passed,0,eda,stage=eda
ACT-20260717_230159-003,2026-07-17T23:01:59,check-gates,E:\python\python_benti\python.exe scripts/check_gates.py,JOB-20260717_230159-003,started,,,dashboard check action
ACT-END-JOB-20260717_230159-003,2026-07-17T23:02:00,check-gates,E:\python\python_benti\python.exe scripts/check_gates.py,JOB-20260717_230159-003,passed,0,,dashboard check action
ACT-20260717_230218-004,2026-07-17T23:02:18,run-current,E:\python\python_benti\python.exe scripts/run_current_stage.py,JOB-20260717_230218-004,started,,task_analysis,stage=task_analysis
ACT-END-JOB-20260717_230218-004,2026-07-17T23:02:18,run-current,E:\python\python_benti\python.exe scripts/run_current_stage.py,JOB-20260717_230218-004,passed,0,task_analysis,stage=task_analysis
ACT-20260717_230239-005,2026-07-17T23:02:39,run-current,E:\python\python_benti\python.exe scripts/run_current_stage.py,JOB-20260717_230239-005,started,,prior_retrieval,stage=prior_retrieval
ACT-END-JOB-20260717_230239-005,2026-07-17T23:02:40,run-current,E:\python\python_benti\python.exe scripts/run_current_stage.py,JOB-20260717_230239-005,passed,0,prior_retrieval,stage=prior_retrieval
ACT-20260717_230334-006,2026-07-17T23:03:34,validate-export,E:\python\python_benti\python.exe scripts/validate_v32_export.py,JOB-20260717_230334-006,started,,,dashboard check action
ACT-END-JOB-20260717_230334-006,2026-07-17T23:03:34,validate-export,E:\python\python_benti\python.exe scripts/validate_v32_export.py,JOB-20260717_230334-006,passed,0,,dashboard check action
